{"_class":"page","do_objectID":"FD419A8C-8F61-4CDE-AA20-BD9B70CFDF6C","booleanOperation":-1,"exportOptions":{"_class":"exportOptions","exportFormats":[],"includedLayerIds":[],"layerOptions":0,"shouldTrim":false},"frame":{"_class":"rect","constrainProportions":false,"height":0,"width":0,"x":0,"y":0},"isFixedToViewport":false,"isFlippedHorizontal":false,"isFlippedVertical":false,"isLocked":false,"isVisible":true,"layerListExpandedType":0,"name":"Symbols","nameIsFixed":false,"resizingConstraint":63,"resizingType":0,"rotation":0,"shouldBreakMaskChain":false,"clippingMaskMode":0,"hasClippingMask":false,"style":{"_class":"style","endMarkerType":0,"miterLimit":10,"startMarkerType":0,"windingRule":1},"groupLayout":{"_class":"MSImmutableFreeformGroupLayout"},"hasClickThrough":true,"layers":[],"horizontalRulerData":{"_class":"rulerData","base":0,"guides":[]},"includeInCloudUpload":true,"verticalRulerData":{"_class":"rulerData","base":0,"guides":[]}}