{"_class":"document","do_objectID":"2E2F4A8F-E81A-48E0-A2AF-DF6906C74235","assets":{"_class":"assetCollection","colorAssets":[],"gradientAssets":[],"imageCollection":{"_class":"imageCollection","images":{}},"images":[],"colors":[],"gradients":[]},"colorSpace":0,"currentPageIndex":0,"foreignLayerStyles":[],"foreignSymbols":[],"foreignTextStyles":[],"layerStyles":{"_class":"sharedStyleContainer","objects":[{"_class":"sharedStyle","do_objectID":"D0F765D9-87D0-4876-AF59-61AD54CB78B6","name":"Border\/Inactive","value":{"_class":"style","borders":[{"_class":"border","isEnabled":true,"color":{"_class":"color","alpha":1,"blue":0,"green":0,"red":0},"fillType":0,"position":1,"thickness":1}],"endMarkerType":0,"fills":[{"_class":"fill","isEnabled":false,"color":{"_class":"color","alpha":1,"blue":0.847,"green":0.847,"red":0.847},"fillType":0,"noiseIndex":0,"noiseIntensity":0,"patternFillType":1,"patternTileScale":1}],"miterLimit":10,"startMarkerType":0,"windingRule":1}},{"_class":"sharedStyle","do_objectID":"4E75CB0C-5936-45C0-901C-881E97B64E81","name":"Border\/Active","value":{"_class":"style","borders":[{"_class":"border","isEnabled":true,"color":{"_class":"color","alpha":1,"blue":1,"green":0.4862745098039217,"red":0.2313725490196079},"fillType":0,"position":1,"thickness":1}],"endMarkerType":0,"fills":[{"_class":"fill","isEnabled":false,"color":{"_class":"color","alpha":1,"blue":0.847,"green":0.847,"red":0.847},"fillType":0,"noiseIndex":0,"noiseIntensity":0,"patternFillType":1,"patternTileScale":1}],"miterLimit":10,"startMarkerType":0,"windingRule":1}},{"_class":"sharedStyle","do_objectID":"4D6E7594-BCB3-4E7E-8FAB-FAA38E5DBA01","name":"Fill\/Primary","value":{"_class":"style","borders":[{"_class":"border","isEnabled":false,"color":{"_class":"color","alpha":1,"blue":0.592,"green":0.592,"red":0.592},"fillType":0,"position":1,"thickness":1}],"endMarkerType":0,"fills":[{"_class":"fill","isEnabled":true,"color":{"_class":"color","alpha":1,"blue":1,"green":0.4862745098039217,"red":0.2313725490196079},"fillType":0,"noiseIndex":0,"noiseIntensity":0,"patternFillType":1,"patternTileScale":1}],"miterLimit":10,"startMarkerType":0,"windingRule":1}},{"_class":"sharedStyle","do_objectID":"FD6D7F6A-A8CF-4C7E-BF2F-C1A7AF9BCFF0","name":"Border\/Placeholder","value":{"_class":"style","borders":[{"_class":"border","isEnabled":true,"color":{"_class":"color","alpha":1,"blue":0.9058823529411765,"green":0.9058823529411765,"red":0.9058823529411765},"fillType":0,"position":1,"thickness":1}],"endMarkerType":0,"fills":[{"_class":"fill","isEnabled":false,"color":{"_class":"color","alpha":1,"blue":0.847,"green":0.847,"red":0.847},"fillType":0,"noiseIndex":0,"noiseIntensity":0,"patternFillType":1,"patternTileScale":1}],"miterLimit":10,"startMarkerType":0,"windingRule":1}}]},"layerSymbols":{"_class":"symbolContainer","objects":[]},"layerTextStyles":{"_class":"sharedTextStyleContainer","objects":[{"_class":"sharedStyle","do_objectID":"1F390CA1-7B82-414A-92EC-8C0218AE2C75","name":"Caption\/Dark","value":{"_class":"style","endMarkerType":0,"miterLimit":10,"startMarkerType":0,"textStyle":{"_class":"textStyle","encodedAttributes":{"MSAttributedStringFontAttribute":{"_class":"fontDescriptor","attributes":{"name":"MarkOT-Book","size":12}},"MSAttributedStringColorAttribute":{"_class":"color","alpha":1,"blue":0,"green":0,"red":0},"textStyleVerticalAlignmentKey":0,"paragraphStyle":{"_class":"paragraphStyle","alignment":0,"allowsDefaultTighteningForTruncation":0},"kerning":0},"verticalAlignment":1},"windingRule":1}}]},"pages":[{"_class":"MSJSONFileReference","_ref_class":"MSImmutablePage","_ref":"pages\/ED0A3844-AE02-44E7-AC6C-4CC1B350961D"},{"_class":"MSJSONFileReference","_ref_class":"MSImmutablePage","_ref":"pages\/FD419A8C-8F61-4CDE-AA20-BD9B70CFDF6C"}]}