{"commit":"399b83655ed261b257875cf8e762efa1a649509e","pagesAndArtboards":{"ED0A3844-AE02-44E7-AC6C-4CC1B350961D":{"name":"Page 1","artboards":{"EFA4DA6B-F156-46C7-A45C-9AB4E235F04D":{"name":"Icon\/Restaurant\/Inactive\/"},"54BDC59E-01CC-4A50-A822-210535E92147":{"name":"SeedIncrease"},"C3FCAB43-B635-411F-9C58-3A484C354275":{"name":"Icon\/Navigation\/Home\/Inactive\/"},"8E3706A0-46CD-40D7-8BE2-76D6B0FFB6EF":{"name":"Icon\/Hide\/"},"E1FEAC78-F669-4E93-ACEB-FE9CC35970CF":{"name":"Icon\/Flag\/"},"52A1DC23-E6C9-4B97-BB8E-EE7381123FA8":{"name":"Icon\/Navigation\/Notification\/Inactive\/"},"0E6F570D-0BAE-4262-8D0E-C90623E32F48":{"name":"Icon\/Back\/Light"},"CE4D16C4-BD66-46E9-A0F5-CFED7CAF5B39":{"name":"Icon\/Navigation\/Home\/Active\/"},"32F6B2EE-5628-497D-B45F-88CE45D60E81":{"name":"Icon\/Upvote\/Triangle\/Inactive\/"},"21EF55D5-76A0-4BCA-9C25-0D378D784F1F":{"name":"Icon\/Time\/Inactive\/"},"F048A5CA-82D7-4C38-805C-FF75A87098CB":{"name":"Icon\/Tag\/"},"B26F5302-09AF-42E7-8B5E-575C69607D74":{"name":"Icon\/Location\/"},"F646E705-0CBC-4EEA-8849-07F2E7CBDCC7":{"name":"Icon\/Lock\/"},"9D56DA90-A375-4D4B-A094-1D46D50F4622":{"name":"Icon\/Location\/Active\/"},"DF6234DF-5A9C-434F-BBFA-5F2267F31892":{"name":"Icon\/Filter\/Active\/"},"938F7394-B7B4-4DDA-A314-6B328D8C2EED":{"name":"Icon\/Cart\/Inactive\/"},"007C144D-4EDA-48E2-B3A6-8B95A8E555AB":{"name":"Icon\/Navigation\/Cart\/Active\/"},"72F42B12-BF08-4BDC-8F84-8482329FC95C":{"name":"Icon\/Selector\/Active\/"},"545AD999-96E5-4A94-88BD-C908CCC4451B":{"name":"Icon\/Dropdown\/Expanded"},"7DF25DA9-9A37-4B55-B8D6-FE0190FF8C00":{"name":"Icon\/Delivery\/Placeholder\/"},"C9B30520-73AC-4AF6-BBCB-9342C7217856":{"name":"Icon\/Navigation\/Profile\/Active\/"},"F47F4835-6124-412C-9EB2-D76EEB84D300":{"name":"Icon\/Mention\/Inactive\/"},"CCD1F90C-52EA-4592-97A2-13CB97883D07":{"name":"Icon\/List\/Ordered\/Inactive\/"},"C828F4ED-75F3-43C6-9194-A8CAC83BCF75":{"name":"Icon\/Delete\/Active\/"},"3E548A4C-1DAA-4E8B-8ABD-5CD075372A66":{"name":"Icon\/Carrot\/Light\/"},"701AB603-EC34-4E9B-A190-2CBA462552C6":{"name":"Icon\/Dropdown\/Collapsed\/Keyboard\/"},"C52CDE09-AE18-440E-87B0-C89E65881D3B":{"name":"Icon\/Dropdown\/Expanded\/Keyboard\/"},"B3420FE8-5974-4618-90F8-12D07E054834":{"name":"Icon\/Restaurant\/Placeholder\/"},"56DE5949-5323-4E1A-98DE-DF07490A13D6":{"name":"Icon\/Wallet\/Inactive\/"},"6326A821-F0D7-40BF-A938-02596DC815EC":{"name":"Icon\/Product\/Inactive\/"},"7A196DB5-59AE-440C-80A0-ECA24143E1B0":{"name":"Icon\/Search\/Clear\/"},"053AB666-F4BD-4DA3-B15E-3FC0A4E59332":{"name":"Icon\/Photos\/Inactive\/"},"1FF014CD-6543-41E3-8F9D-597DDDA350FD":{"name":"Icon\/Recipe\/Inactive\/"},"9629DCFB-666D-40D2-8854-359E27F07E01":{"name":"Icon\/Bookmark\/Inactive\/"},"362390B9-6E87-4515-862F-D753CBCE4084":{"name":"Icon\/List\/Checks\/Inactive\/"},"CCA1063F-76FF-4E85-914D-0E14F94689CA":{"name":"Icon\/Pickup\/Inactive\/"},"3E1FBF8F-2BF0-44CF-A3CB-D503341A4E66":{"name":"Icon\/Upvote\/Inactive\/"},"E33A7002-4FFA-49CA-A869-470E3EAE00E9":{"name":"Icon\/Photos\/Placeholder\/"},"5067C541-9135-4558-B207-82B84D9F5605":{"name":"Icon\/Text\/Inactive\/"},"456AD9B5-DF16-48BE-BF43-4DEFE52CC79B":{"name":"Icon\/Settings\/Inactive\/"},"2750329A-E2B3-4D06-84B9-D623189F141F":{"name":"Icon\/Payment\/MasterCard\/"},"221CEA6B-D850-494F-B705-DB8744E07D76":{"name":"Icon\/Mention\/Active\/"},"60FB367A-3DF4-499A-ACC3-8059E61A60BD":{"name":"Icon\/Delete\/Inactive\/"},"25281BC4-9D34-410A-949F-8E2F510CBDE4":{"name":"Icon\/Dish\/Placeholder\/"},"A19E40CF-364B-4BF8-B0FB-BC8FDE3E515A":{"name":"Icon\/Selector\/Inactive\/"},"15AB507F-10EC-47E0-A7EF-0C8685583D1A":{"name":"Icon\/Dish\/Inactive\/"},"3A6BA9D1-F135-414B-A3A7-F167258AFA94":{"name":"Icon\/List\/Unordered\/Active\/"},"2563B267-D723-4A4B-B773-F61CF000A12A":{"name":"Icon\/Navigation\/Post\/Active\/"},"C6A47BDC-F4C1-40D4-A430-B01DFB06BAF3":{"name":"Icon\/List\/Ordered\/Active\/"},"0B788476-60BE-4791-80AD-767E7695DE2B":{"name":"Icon\/Payment\/Discover\/"},"137B3F8E-CB05-4FBE-AC8D-8B7E721272C0":{"name":"Icon\/Payment\/Amex\/"},"5294D0CC-D743-4EB4-9A0E-BD100AE403BE":{"name":"Icon\/Dish\/Active\/"},"7F27F8C9-D0DF-477D-9413-778EA92BC15D":{"name":"Icon\/Lock\/Inactive\/"},"7FA9EEB3-A3C4-4909-8993-2AAFEECDBC7B":{"name":"Icon\/Hashtag\/"},"4EBDA298-61ED-491B-A55D-EDA645FE0A26":{"name":"Icon\/Search\/Placeholder\/"},"43161222-7E66-4F33-9947-870FB266A05D":{"name":"Icon\/Photos\/Active\/"},"31E7EBCE-E132-46C4-AA29-DF7714C4A7F7":{"name":"Icon\/Navigation\/Post\/Inactive\/"},"1F8F21D8-130E-40D3-AAB0-EAA941A2AB9F":{"name":"Icon\/Cart\/Active\/"},"D16D49D9-9BCA-446D-8E32-38C9B78EF566":{"name":"Icon\/Upvote\/Triangle\/Active\/"},"0BF81DA0-8BFF-44CF-AF8E-A8DEA5678BDD":{"name":"Icon\/Dropdown\/Collapsed"},"91C3A35E-7B2B-4000-8E86-1E6331ED1295":{"name":"Icon\/Payment\/Visa\/"},"0339AAFC-C1FD-4BBA-AB23-B6FDE6470575":{"name":"Icon\/Bookmark\/Active\/"},"38391B26-1575-4E47-8842-3E8158AB4E98":{"name":"Icon\/Profile\/Inactive\/"},"4C306073-696F-4870-BEBD-1635E24BFD08":{"name":"Icon\/Navigation\/Cart\/Inactive\/"},"59CC54A4-A677-494C-89CF-A690A3C37557":{"name":"Icon\/Give\/Inactive\/"},"DAECD198-7DDA-4B7F-A6F2-1837D728F467":{"name":"Icon\/Delivery\/Inactive\/"},"D29A825D-3CAE-4A6F-BC9D-62B6FF641B61":{"name":"Icon\/Navigation\/Give\/Inactive\/"},"C067795B-ED0E-4C19-9F8A-FC8A9079C9BD":{"name":"Ellipsis\/Vertical\/Light\/"},"EB2F9C46-0CC8-4647-B6E3-7AC4BFF8AFF9":{"name":"Icon\/Share\/"},"0B7B6094-D29B-49D1-BF38-A5F64FC04F14":{"name":"Icon\/QuickMenu\/"},"CE3FD047-496B-4B96-B7F9-7A51282414A0":{"name":"Icon\/List\/Placeholder\/"},"807D1976-B738-4157-B5B9-59A1B82CB4AC":{"name":"Ellipsis\/Vertical\/Dark\/"},"12EDAEE4-218E-474E-BAD2-A092C8D41811":{"name":"Icon\/Text\/Active\/"},"BC41AD84-5B8D-4E4A-BA50-0E3F9DBF2C7D":{"name":"Icon\/Navigation\/Notification\/Active\/"},"AA84E526-DC7B-4F11-BD73-553B3B289097":{"name":"Icon\/DineIn\/Inactive\/"},"ABF1DD30-B6B8-4639-AF27-7157300B4B2F":{"name":"Icon\/Search\/Inactive\/"},"00FD9F52-847E-42C4-989B-E727EFA0838F":{"name":"Icon\/Back\/Dark\/"},"B64A3F2F-CE3A-4BB1-B99D-26930E9AEB1F":{"name":"Icon\/Post\/Placeholder\/"},"167B4037-1F35-4838-B086-186C869BB2D5":{"name":"Icon\/Close\/Dark\/"},"202E18B2-05EA-41AB-A39D-BB5668C22A75":{"name":"Icon\/Location\/Placeholder\/"},"DF5B2F67-BBD5-4F5A-A867-4973B1F46AA6":{"name":"Icon\/Orders\/Inactive\/"},"848DA9BC-8A17-44B7-81CD-48D1FE809440":{"name":"Icon\/Product\/Placeholder\/"},"349ABE1E-96FC-4127-9BDE-C03E67260A89":{"name":"Icon\/Mention\/"},"4B11B555-B3BD-4EAE-9645-BA5C89A3D8D4":{"name":"Icon\/Navigation\/Give\/Active\/"},"353FD238-E380-48EB-9F92-638EB12B5050":{"name":"Icon\/Profile\/Placeholder\/"},"184FFF8C-51A9-43D6-A275-3A2EF4EF98AF":{"name":"Icon\/Home\/Inactive\/"},"54A7D2AD-B392-43B8-AB19-517A88F89E99":{"name":"Icon\/Navigation\/Profile\/Inactive\/"},"281C76ED-8098-4D88-87D3-01EE36C33D38":{"name":"Icon\/Filter\/Inactive\/"},"6A7DCA17-569D-4BD5-AF72-D3585CF982D1":{"name":"Icon\/List\/Unordered\/Inactive\/"},"7A688A5A-360D-4C4B-A83B-434DD695B82E":{"name":"Icon\/Edit\/Inactive\/"},"4566740E-40B5-43FC-8E3B-8ED6AF2207C9":{"name":"Icon\/Recipe\/Placeholder\/"},"2A8F35C5-29AE-4A93-B4E7-B0CD0219FB08":{"name":"Icon\/Comment\/Inactive\/"},"8CC8D152-52BB-4294-B09F-9D1538C8A555":{"name":"Icon\/Restaurant\/Active\/"},"BA65C3FB-0A0A-47F3-A11B-89CD0D489BFD":{"name":"Icon\/Post\/Inactive\/"},"FF96C456-F4D4-49F7-AEBA-30C6D5ADA7BA":{"name":"Icon\/Close\/Light\/"},"4812004D-1F5F-4594-90A1-0A4F97D72FDD":{"name":"Icon\/Mention\/Inactive\/"},"FF3A4507-DF3B-4E82-8207-B715BB6FE672":{"name":"Icon\/Upvote\/Active\/"},"2311F380-8AC2-4EF9-AFBD-FDC7332222BC":{"name":"Icon\/Sort\/Inactive\/"},"53364622-53FA-4831-81BB-51A8634BC426":{"name":"Icon\/Pickup\/Placeholder\/"},"2DFF2B36-8C2F-4FA2-9EF7-D70FC921DB0C":{"name":"Icon\/Notification\/Inactive\/"}}},"FD419A8C-8F61-4CDE-AA20-BD9B70CFDF6C":{"name":"Symbols","artboards":{}}},"version":118,"fonts":["MarkOT-Book","MarkOT-Light","MarkOT-Bold"],"compatibilityVersion":99,"app":"com.bohemiancoding.sketch3","autosaved":1,"variant":"NONAPPSTORE","created":{"commit":"399b83655ed261b257875cf8e762efa1a649509e","appVersion":"54.1","build":76490,"app":"com.bohemiancoding.sketch3","compatibilityVersion":99,"version":118,"variant":"NONAPPSTORE"},"saveHistory":["NONAPPSTORE.76490"],"appVersion":"54.1","build":76490}